Ticker,Sector,P/E (LTM),EV/EBITDA (LTM),EV/Sales (LTM),P/FCF (LTM),P/OCF (LTM),Net Debt / EBITDA (LTM),Total Debt / (EBITDA - Capex) (LTM),EV/(EBIT-Capex),Total Revenues/CAGR (1Y TTM),Capex as % of Revenues (LTM),CAPEX/CAGR (3Y TTM),Nopat margin,Return On Equity % (LTM),Return on Assets (ROA) % (LTM),ROIC (LTM),EBIT Margin % (LTM),EBITDA Margin % (LTM),Gross Profit Margin % (LTM),FCF Margin % (LTM),Altman Z-Score (LTM),NOPAT / ASSETS,RSI 10D,Price Chg. % (6M),Rel. Volume,SMA % (10D),SMA % (50D),EMA % (20D),Volatility (1Y),Beta (1Y)
ACSEL,Materials,,,,,,,,,,,,,,,,,,,,,,28.6136,-27.1795,0.4172,-2.9723,-22.7526,-10.1712,47.0186,0.7135
AHGAZ,,,,,,,,,,,,,,,,,,,,,,,77.8823,110.3375,1.254,7.4595,25.9396,11.0885,41.5175,0.234
AKCNS,,,,,,,,,,,,,,,,,,,,,,,50.6643,9.7122,1.4655,2.8124,-7.3839,0.0659,42.7453,0.3903
AKFIS,,,,,,,,,,,,,,,,,,,,,,,58.3964,121.617,1.068,3.6109,6.0343,5.3343,66.831,0.7088
AKFYE,Utilities,,,,,,,,,,,,,,,,,,,,,,52.8452,1.9231,0.5532,4.8023,-2.7727,1.4727,49.6235,0.9414
AKHAN,,103.2295,14.2311,1.0898,7.8639,,3.8746,1.5236,,67,-15.9339,,,1.3126,0.6001,,,7.658,10.9837,10.0854,,,47.9397,8.021,0.9111,7.5213,-20.221,-2.0396,58.3417,0.8111
AKYHO,Industrials,,10.1646,4.0045,41.6966,19.2007,-0.1958,0.089,,-34.4,11.4689,,,-12.3635,-10.5313,,,39.3967,-4.8921,9.789,,,29.4942,-40.9962,2.0223,-4.644,-24.2871,-12.0431,37.3292,0.7495
ALBRK,Financials,,,,,,,,,,,,,,,,,,,,,,58.9379,4.1565,0.9974,3.9972,2.9604,2.7775,34.697,0.9069
ALBTN,,,,,,,,,,,,,,,,,,,,,,,,,,,,,,
ALCTL,Information Technology,,,,,,,,,,,,,,,,,,,,,,19.5111,-40.2019,0.578,-7.3419,-32.9976,-14.4908,51.0235,0.7776
ALKA,Materials,,,,,,,,,,,,,,,,,,,,,,24.006,-51.7045,0.4577,-3.5031,-21.9201,-10.9541,51.8531,0.8378
ALKIM,Materials,,13.9594,0.727,17.4393,4.2824,0.3444,,,-4.3,12.4921,,,-8.5946,-5.8107,,,5.2082,9.024,4.0661,,,16.7478,-36.3981,0.3424,-2.8822,-20.0446,-9.732,38.0331,0.8004
ALTNY,Industrials,613.4674,28.0497,5.0776,,75.9651,4.2732,,,-13,40.3461,,,0.3487,0.1668,,,18.1021,27.3295,-34.6803,,,34.4118,-15.9893,0.3905,-1.8601,-20.3341,-9.7842,47.978,1.0849
ANGEN,Health Care,,,,,,,,,,,,,,,,,,,,,,58.8796,-22.8302,6.8167,11.9168,-4.8859,4.6891,46.7147,0.7933
ARASE,Utilities,,,,,,,,,,,,,,,,,,,,,,29.0916,-4.0016,0.3734,-1.9267,-14.5615,-7.2885,43.4976,0.66
ARDYZ,Information Technology,,,,,,,,,,,,,,,,,,,,,,44.7639,62.2261,1.3721,1.1725,-15.5092,-4.4624,63.5145,1.2548
ARENA,,,,,,,,,,,,,,,,,,,,,,,28.0788,-40.3846,0.2117,-3.2258,-22.0665,-10.4329,51.2063,0.9267
ASELS,Industrials,44.264,29.246,8.2033,,34.5004,0.6091,90.5449,,24.7,27.6406,,20.8915,11.645,6.5353,12.0817,24.5542,28.0495,31.7284,-4.3583,,7.5238,40.9464,-3.7267,1.3581,-3.4268,-7.2375,-5.4107,49.4767,1.586
ATAKP,Consumer Staples,,,,,,,,,,,,,,,,,,,,,,21.3824,-38.3292,1.3102,-4.6856,-22.9247,-9.8742,35.3109,0.8187
ATATP,Information Technology,,,,,,,,,,,,,,,,,,,,,,41.1282,67.9354,0.3089,-0.7083,-13.1378,-6.0884,64.439,0.8386
AVPGY,Real Estate,,,,,,,,,,,,,,,,,,,,,,50.4693,5.6753,1.3605,2.0782,-0.3365,0.0993,32.3227,0.6425
AYDEM,,,,,,,,,,,,,,,,,,,,,,,52.0638,-20.9451,0.5874,2.0947,-1.4001,0.6104,40.5163,0.6923
BAHKM,Materials,,,,,,,,,,,,,,,,,,,,,,47.5042,16.2278,0.9811,-3.3327,8.0384,-2.9046,75.846,0.9017
BAKAB,Materials,93.7287,6.5546,0.4673,9.4463,6.4196,1.4403,3.4191,,5,1.8201,,1.7405,0.7046,0.3309,2.6581,1.7405,7.13,10.2883,3.8602,,1.4802,25.8197,-30.709,0.489,-5.7136,-22.4491,-10.4815,51.1276,0.6732
BANVT,Consumer Staples,,,,,,,,,,,,,,,,,,,,,,34.2673,-16.8582,0.3343,-0.966,-12.173,-4.9474,32.1082,0.6138
BASGZ,Utilities,,,,,,,,,,,,,,,,,,,,,,34.4382,-22.6897,1.8056,-2.639,-9.2005,-5.1607,30.5394,0.6332
BAYRK,,,,,,,,,,,,,,,,,,,,,,,41.5382,-34.8584,2.1491,5.6911,-22.958,-6.4049,55.7743,0.5425
BEGYO,Real Estate,,,,,,,,,,,,,,,,,,,,,,27.3827,-40.7841,0.3528,-4.2392,-21.7572,-10.6824,39.0463,0.7382
BERA,Industrials,,2.6364,0.368,,,-0.371,,,-2.7,,,,-1.3821,-1.1028,,,13.958,23.0595,,,,41.1835,-34.3537,0.7117,-1.8395,-10.4976,-5.7955,45.6485,1.0233
BETAE,,,,,,,,,,,,,,,,,,,,,,,33.6118,,0.2087,-4.8791,-32.688,-14.4961,97.0753,1.4007
BIENY,Industrials,,7.8734,0.9612,,30.9072,4.6412,15.5595,,12.4,8.5256,,,-3.9267,-1.9621,,,12.2082,17.6269,-7.2489,,,19.0585,-41.7504,0.378,-7.3284,-27.9596,-15.5551,46.5697,1.0232
BIMAS,Consumer Staples,18.0432,10.9264,0.6638,15.6738,9.5854,0.7001,2.3105,,9.9,2.5178,,,12.9078,6.1181,,,6.0756,19.3645,3.964,,,31.4971,6.1787,0.9376,-5.0743,-3.0327,-4.9732,32.6937,0.7029
BINBN,Industrials,,,,,,,,,,,,,,,,,,,,,,4.4373,-72.0743,4.7368,-25.3991,-69.7743,-51.2529,59.2837,0.791
BINHO,Financials,,,,,,,,,,,,,,,,,,,,,,25.9137,-36.4955,0.5934,-8.7263,-36.1678,-19.6277,54.7686,0.9977
BKRGY,,,,,,,,,,,,,,,,,,,,,,,,,,,,,,
BLUME,,,,,,,,,,,,,,,,,,,,,,,40.4619,-19.375,0.2542,-4.2863,-10.1719,-5.9004,53.4582,0.7555
BMSTL,Materials,,,,,,,,,,,,,,,,,,,,,,41.4228,-7.2416,1.0418,-2.0117,-11.3506,-5.9808,64.8922,0.1845
BORSK,Consumer Staples,,,,,,,,,,,,,,,,,,,,,,34.7815,-27.5538,0.3773,-2.1601,-10.1097,-5.5714,46.4419,0.8735
BOSSA,Consumer Discretionary,,,,,,,,,,,,,,,,,,,,,,25.0293,-12.4611,0.1003,-6.3957,-12.5428,-9.2153,33.3839,0.5893
BRISA,Consumer Discretionary,,,,,,,,,,,,,,,,,,,,,,45.5838,-14.9941,0.3812,0.4675,-5.5738,-1.5283,33.9519,0.7709
BRKSN,Materials,46.1035,2.7042,0.5561,3.855,3.6529,-0.885,0.1942,3.8017,-7.6,1.0593,,7.8434,1.3162,1.0003,7.5827,15.6867,20.5639,38.7142,19.1463,,4.9009,33.0931,-30.5344,1.4044,0.6445,-17.3335,-6.8274,30.4039,0.6192
BRLSM,Industrials,,6.4018,0.5316,,,1.6687,,,53.9,,,5.5613,-30.729,-6.4329,13.5994,7.415,8.3047,13.0033,,,4.3063,17.0871,-30.7745,0.4082,-10.3703,-37.3101,-22.6258,62.0939,0.8819
BUCIM,,,8.4214,0.9936,,,3.3571,28.8593,,3.9,9.814,,,-1.2767,-0.885,,,11.7991,17.9693,-14.6665,,,35.7837,-18.75,0.4341,-1.0417,-6.7995,-4.1673,26.7537,0.647
BURCE,Industrials,8.6196,,3.2718,,,,,,10.3,9.2701,,,15.6079,11.1742,,,-17.1369,9.3702,-23.4474,,,38.23,-38.4542,0.8197,0.0776,-19.9831,-7.1155,80.8722,0.6018
BURVA,Industrials,,,,,,,,,,,,,,,,,,,,,,55.2438,-34.3119,0.6003,23.2853,-18.4485,6.1739,98.3413,0.5352
BYDNR,,,4.6791,0.646,16.9446,1.9821,1.4739,,,2,19.7132,,,-0.6855,-0.3379,,,13.8057,10.8176,2.6115,,,29.7541,-47.2264,1.3106,-0.5462,-35.649,-14.8217,58.0837,0.5367
CATES,Utilities,,,,,,,,,,,,,,,,,,,,,,22.8465,-34.4519,0.3719,-6.5152,-43.365,-26.1672,55.4155,0.9385
CELHA,Materials,,437.6989,6.0515,,,14.5068,,,-10.1,2.088,,,-12.5094,-9.088,,,1.3826,7.5685,-22.058,,,73.7168,225.7996,0.6621,9.0727,16.7196,10.8175,66.8316,0.3992
CEMTS,Materials,,,,,,,,,,,,,,,,,,,,,,36.1071,-25.7459,0.5792,-2.0361,-10.3018,-4.8145,28.9347,0.7868
CIMSA,Materials,10.2107,7.3537,1.4598,166.7769,6.1644,2.9726,11.1441,,-5.3,13.5871,,7.8036,7.9845,3.8156,4.7098,9.8137,19.8516,19.1067,0.5215,,3.4957,37.3881,-22.0571,0.4547,-2.7659,-7.3906,-3.9183,33.4051,0.8494
CITAS,,,,,,,,,,,,,,,,,,,,,,,,,,,,,,
CMBTN,Materials,,,,,,,,,,,,,,,,,,,,,,29.0173,-29.8551,0.408,-3.7544,-18.524,-10.1823,35.7411,0.6858
COSMO,Energy,,,1.1551,,,,,,-4.5,9.9492,,,-22.5763,-10.5684,,,-0.2558,15.5504,-11.3171,,,56.0337,-54.2218,1.3935,13.7446,-9.5957,3.3772,67.7505,0.5911
CVKMD,Materials,72.7611,18.8538,5.3119,,,3.3957,,,30,70.0474,,,1.7899,0.8651,,,28.1742,32.4741,-84.5294,,,30.3857,-63.4964,0.996,-6.0022,-23.6681,-11.3031,60.4326,1.1573
CWENE,Industrials,6.9026,7.6586,1.6235,,,2.4961,6.8899,52.9512,19,13.1301,,16.1962,15.9326,6.8313,10.6256,16.1962,21.199,27.7649,-13.4437,,6.9784,25.6669,-42.2364,0.2687,-11.654,-43.0146,-22.9142,60.9341,1.3554
DAPGM,Real Estate,12.4679,1.5582,1.1214,24.7938,25.0639,0.215,0.4585,1.5686,7.3,-0.042,,35.7235,3.6533,1.7624,15.6891,71.4469,71.9632,76.772,3.8988,,8.1206,17.9765,-75.3447,0.3286,-9.416,-56.6519,-33.7908,66.0556,1.0926
DARDL,Consumer Staples,,,,,,,,,,,,,,,,,,,,,,24.4547,-43.9394,0.6548,-3.9792,-26.1477,-12.5745,38.6256,0.9371
DCTTR,Consumer Discretionary,,,1.9635,11.0162,7.2151,,,,-68.8,8.0038,,,-26.7697,-16.6096,,,-15.9234,3.5662,15.1927,,,22.2218,-67.5676,0.2859,-2.0979,-46.5207,-20.3347,58.3186,0.436
DESPC,Information Technology,,,,,,,,,,,,,,,,,,,,,,31.4825,-24.5187,0.1417,-2.3335,-20.5384,-9.6576,50.5807,0.9803
DGATE,Information Technology,,,,,,,,,,,,,,,,,,,,,,35.9075,-10.8988,0.9195,-0.0079,-29.3379,-10.2355,57.1519,0.7851
DITAS,,,,,,,,,,,,,,,,,,,,,,,24.3677,-74.6797,0.9133,-10.2897,-56.7018,-31.2083,81.3443,0.8808
DMSAS,Materials,,,,,,,,,,,,,,,,,,,,,,47.5481,-26.8156,0.962,4.3825,-15.4926,-2.2508,47.7898,0.5603
DNISI,,,,,,,,,,,,,,,,,,,,,,,44.3067,-13.1365,0.4766,1.6865,-8.2049,-2.9734,37.9363,0.8136
DOFER,Materials,,,,,,,,,,,,,,,,,,,,,,32.5751,-35.2516,0.4451,0.0276,-18.2064,-7.0335,48.2124,0.5842
DOFRB,Industrials,,,,,,,,,,,,,,,,,,,,,,27.9284,-35.0046,0.5509,-7.1856,-36.6763,-17.7344,78.4634,0.8162
DYOBY,Materials,,,,,,,,,,,,,,,,,,,,,,22.9314,-23.824,0.5577,-3.8222,-19.3017,-10.069,43.4036,0.7457
EBEBK,Consumer Discretionary,,,,,,,,,,,,,,,,,,,,,,36.0916,19.0846,0.8994,-3.9845,-6.5529,-4.8103,34.8295,0.683
EDATA,Information Technology,,,,,,,,,,,,,,,,,,,,,,6.1195,-78.6976,8.6377,-29.8182,-74.5691,-55.9453,75.6443,0.8368
EDIP,Real Estate,8.7215,3.9885,3.774,6.7802,6.5657,1.431,1.78,,-1,1.1659,,,2.5854,2.2147,,,94.6208,54.1245,35.6909,,,29.7636,-20.3704,0.31,-4.7843,-17.7544,-9.2088,45.6873,0.8914
EFOR,Consumer Staples,2269.7432,24.8384,2.6354,,,2.1325,3.3066,38.791,4.3,2.5221,,4.658,0.2498,0.097,7.1533,9.316,10.6103,17.3287,-6.9539,,4.258,35.5,112.766,0.7898,0.6398,-21.9778,-9.723,82.0692,0.4326
EGEGY,,,,,,,,,,,,,,,,,,,,,,,37.1586,-47.4289,0.5375,4.1759,-32.7751,-9.7495,54.6527,0.8833
EGEPO,Health Care,,,,,,,,,,,,,,,,,,,,,,18.3192,-62.0014,2.337,-15.9563,-57.4919,-31.4811,48.9805,0.6883
EGGUB,Industrials,14.8162,4.6335,2.5566,26.3818,5.6058,-0.0986,1.9665,,7.1,36.6794,,,6.473,5.2061,,,55.1757,57.172,9.8969,,,41.0364,-18.5679,0.4645,-1.6097,-4.4184,-3.6028,46.4898,0.7544
EGPRO,Industrials,12.435,5.385,1.3528,40.3987,23.6788,-0.1307,0.3147,,10.7,2.4219,,,13.8407,7.8773,,,25.1222,37.3833,3.4299,,,41.5754,14.4485,0.3338,-0.9678,-6.4771,-3.7695,47.3074,0.9873
EKGYO,Real Estate,,4.9359,1.0938,,,1.1273,3.2182,5.0922,-18.4,0.1127,,10.7961,-1.2546,-0.4571,5.4018,21.5922,22.1598,28.3972,-43.8455,,2.249,52.0445,-2.2231,0.4356,1.9135,1.3664,0.7467,41.4951,1.043
EKOS,,,,1.5865,,,,,,26.6,20.7039,,,-14.291,-8.3458,,,-0.7732,10.7028,-26.6012,,,23.8952,-40.9091,0.5328,-5.7151,-31.6106,-15.5581,53.8,1.0766
EKSUN,Consumer Staples,,10.8748,0.4212,,,4.7289,,,-7.7,9.3021,,,-4.1566,-1.8354,,,3.8727,11.7833,-10.2726,,,35.4642,-19.0826,0.6878,-2.2173,-20.5778,-8.1104,42.5739,0.9253
ELITE,Consumer Staples,39.9954,5.366,1.0488,,,0.0374,0.6841,,23.1,3.8193,,,2.3441,1.7816,,,19.5455,38.7792,-8.1434,,,26.323,-34.1216,0.23,-2.2458,-22.9529,-9.6165,38.4486,0.8349
EMPAE,,,,,,,,,,,,,,,,,,,,,,,31.4384,4.8458,0.2244,-5.2424,-30.6214,-14.7817,103.6428,0.8764
ENERY,,,,,,,,,,,,,,,,,,,,,,,70.9767,62.7184,0.9407,4.2209,30.0935,9.4327,44.8339,0.3248
ENJSA,Utilities,,,,,,,,,,,,,,,,,,,,,,61.4115,-2.5003,0.491,4.7269,2.7946,3.398,34.1774,0.7895
EREGL,Materials,33.1491,11.6822,1.2374,6.4117,4.8875,1.5639,12.5536,,31.2,5.2131,,4.8008,2.3456,1.2872,3.1092,4.8008,10.5924,9.048,16.7159,,1.9113,43.196,25.1405,0.4129,-1.4943,-4.4599,-2.2218,38.7956,1.054
ESCOM,Information Technology,,,,,,,,,,,,,,,,,,,,,,38.3642,-0.2304,0.4791,-2.1026,-16.8108,-6.8896,63.5421,0.9357
ESEN,,,21.828,6.8336,11.6006,9.207,11.2897,25.2597,,-14,7.3934,,,-3.7583,-2.2771,,,31.3064,21.8287,28.4397,,,21.7301,-36.5285,0.4468,-4.5578,-24.1345,-12.7049,59.0959,0.8799
EUPWR,Industrials,35.358,9.5714,2.3472,,73.5883,0.8025,1.8587,,37.5,12.9657,,,6.3789,3.4593,,,24.5226,30.1694,-10.0435,,,29.7555,13.8577,0.7068,-10.8325,-37.7454,-20.0621,68.5996,1.1411
EYGYO,Real Estate,,,2.4254,,,,,,76.8,,,,-33.0504,-17.5805,,,-13.6699,7.3962,,,,22.8611,-31.0219,0.6621,-3.6206,-21.7326,-11.1951,56.9417,0.5211
FADE,Consumer Staples,,,,,,,,,,,,,,,,,,,,,,29.9687,-23.8985,0.231,-1.9692,-22.0236,-9.5286,42.1425,0.7892
FONET,Health Care,14.6396,8.5827,4.1614,30.1019,8.0005,-0.2105,0.5797,,29,39.1269,,,13.4639,12.1192,,,48.4864,40.7057,14.1636,,,51.4113,-5.3763,1.1048,2.9722,-7.7723,0.5311,59.2271,0.9779
FORMT,Industrials,,160.6149,1.363,,,13.2569,,,-11.5,16.6801,,,-4.0052,-3.1174,,,0.8486,12.2668,-21.9381,,,21.9288,-65.6934,0.5299,-4.0816,-35.02,-16.4735,41.7184,0.705
FORTE,Information Technology,,,,,,,,,,,,,,,,,,,,,,37.8165,-2.5091,1.4462,-3.6375,-17.7298,-8.3503,53.7552,0.9776
FRIGO,,,8149.7685,1.9418,12.025,5.8346,1431.9841,,,-14.1,14.1226,,,-2.2697,-1.2765,,,0.0238,3.6346,13.3108,,,62.1189,-28.8826,1.4215,23.0769,-3.935,10.0848,62.1329,0.726
FRMPL,,,,,,,,,,,,,,,,,,,,,,,31.8383,-33.0569,0.2832,-3.212,-26.1235,-11.6757,66.7687,1.1615
FZLGY,Real Estate,,,1.9461,,23.5335,,,,3933.9,,,,-20.7848,-7.4612,,,-9.4579,-12.2893,,,,26.7347,-67.0531,0.5295,-0.3506,-37.961,-18.1844,57.7897,1.1078
GEDZA,Materials,66.8498,2.3653,0.7044,,,-0.7837,0.0841,,3.8,1.3686,,,1.0561,0.8021,,,29.7795,32.2344,-19.3546,,,29.4279,-26.6221,0.3535,-2.1409,-17.2912,-7.9013,47.0999,0.973
GENIL,Health Care,15.0707,7.2571,1.0155,47.8703,13.4979,1.6426,2.4474,12.5621,27,4.1791,,8.7438,8.8529,4.9013,10.6803,12.2627,13.9927,23.709,1.6411,,8.2212,12.8108,-62.9027,0.2437,-31.9381,-59.8891,-44.97,59.7164,0.9317
GEREL,Industrials,11.0237,10.5043,3.7072,,,2.1207,2.5783,,2.1,5.5599,,,17.7787,9.8899,,,35.292,49.0638,-81.2151,,,36.9256,-40.7123,0.674,-3.2806,-38.4731,-16.1007,69.8075,1.0312
GESAN,Industrials,13.629,5.6329,1.1456,,,1.1367,2.1754,,-5.5,6.2355,,,5.7446,3.0124,,,20.3374,27.8593,-10.2824,,,29.5534,-19.4265,0.436,-7.5704,-40.9214,-19.4301,62.1793,1.1799
GLRMK,Industrials,13.4134,6.3839,0.8951,28.3823,12.6998,-0.059,3.7881,,4,3.9305,,,11.0092,3.906,,,14.0215,11.8696,3.1829,,,32.4446,-41.2749,0.7678,-6.6743,-18.844,-10.7426,47.0608,1.1755
GMTAS,,,,,,,,,,,,,,,,,,,,,,,51.6101,65.9106,3.2869,-0.3036,3.32,1.3302,59.2695,0.3417
GOKNR,Consumer Staples,15.6217,2.8951,0.4437,3.9211,2.8743,0.6934,2.1682,,-6.5,3.1341,,,2.7009,1.6959,,,15.3256,21.5962,8.6054,,,28.3426,-36.4334,0.4779,-5.8088,-23.1552,-11.1357,42.3323,0.7693
GOLDA,,,,,,,,,,,,,,,,,,,,,,,32.6232,,0.223,-1.9724,-28.5479,-13.7753,91.4757,0.7817
GOLTS,Materials,7.4623,8.6467,0.9635,7.1706,4.1798,3.0344,7.412,,11.3,6.2405,,,5.0081,3.6065,,,11.1427,24.6096,8.7212,,,32.7258,-32.5231,0.5325,-2.4153,-12.5426,-6.0825,26.7753,0.7106
GOODY,Consumer Discretionary,,,,,,,,,,,,,,,,,,,,,,29.5104,-19.0929,0.2047,-0.555,-14.9794,-6.6008,39.1412,0.5004
GRSEL,Industrials,8.7591,6.6623,2.2431,91.8165,12.6713,-0.3861,0.1936,,0.8,16.1438,,,22.208,17.9969,,,33.6693,35.2994,2.5847,,,42.2658,-14.8394,0.4204,-0.1387,-12.0578,-3.1962,37.5101,0.5544
GUBRF,Materials,18.874,10.1709,2.1486,12.6867,9.9439,-0.4243,1.0115,,21.6,4.8663,,,15.2423,8.9167,,,21.1253,25.0124,17.6426,,,32.2463,-17.8996,0.544,-5.911,-11.692,-8.4984,47.349,1.17
HATSN,Industrials,,,,,,,,,,,,,,,,,,,,,,22.5003,-27.3374,0.5852,-10.6306,-46.8542,-28.3942,65.4748,1.26
HKTM,Industrials,,,,,,,,,,,,,,,,,,,,,,63.841,-6.6923,0.5646,18.4108,1.4078,9.6893,54.3559,0.9853
HOROZ,Industrials,,,,,,,,,,,,,,,,,,,,,,32.3306,-25.5017,0.435,-2.588,-21.9356,-9.5602,49.1099,1.0836
HRKET,Industrials,,4.0581,1.1221,,0.4902,3.5065,,,19.6,40.7848,,,-17.5371,-7.101,,,27.6521,23.8469,-9.6664,,,75.6116,89.8193,0.6379,4.0637,22.8977,12.0217,52.5265,0.3565
IHEVA,Consumer Discretionary,7.5952,2.3765,0.2286,,3.8667,0.7139,1.5494,,-7.1,4.8592,,,3.18,2.2735,,,9.6179,14.3559,-0.7238,,,35.7145,-24.1861,0.1041,-0.7308,-13.5003,-5.5794,29.4459,0.4797
IHLAS,Industrials,,,0.2558,,,,,,17.2,2.4126,,,-20.7196,-8.6997,,,-22.91,-8.1871,-3.7159,,,32.9783,-58.6538,0.5165,-3.2621,-15.7523,-8.939,50.628,0.9206
IHLGM,Consumer Discretionary,1.4531,,0.6787,,,,,,48.7,0.694,,,33.7552,10.7314,,,-59.2213,-34.3044,-1.8493,,,26.0437,-42.6471,0.3133,-2.9851,-21.3393,-11.0478,42.6132,0.8306
IHYAY,Communication Services,,,0.2293,,,,,,-3,3.5273,,,-7.4223,-4.4245,,,-9.0173,12.7574,-13.1133,,,34.478,-40.9357,0.5619,-1.8465,-14.8829,-6.8945,38.07,0.7956
IMASM,Industrials,,4.8438,0.7659,,,1.462,1.8902,,26,3.1991,,,-9.6682,-5.3273,,,15.8111,36.2046,-22.3511,,,25.2121,-58.7131,0.4727,-2.4081,-28.7697,-13.3917,55.1771,1.0396
INGRM,,,,,,,,,,,,,,,,,,,,,,,28.4215,-24.3995,0.4584,-3.3145,-17.59,-8.2757,44.3556,0.8054
INTEM,Industrials,,,,,,,,,,,,,,,,,,,,,,27.561,-29.3091,0.3492,-3.1004,-17.7839,-8.2931,58.1399,1.0393
INTET,,,,,,,,,,,,,,,,,,,,,,,,,,,,,,
ISDMR,Materials,,,,,,,,,,,,,,,,,,,,,,54.2219,56.2829,0.7843,0.2175,9.2781,1.9662,38.136,0.8204
ISSEN,Consumer Discretionary,,,,,,,,,,,,,,,,,,,,,,35.7487,-28.7787,0.5395,1.4652,-15.2516,-5.881,37.4099,0.5655
IZFAS,Consumer Staples,,53.2937,4.1537,,,-0.3045,1.6291,,20.9,-3.6949,,,-3.0391,-1.9254,,,7.7939,16.5351,-2.3774,,,15.9098,-77.3386,3.49,-28.2306,-75.5162,-55.9907,68.785,0.6304
IZINV,Consumer Staples,,801.7124,6.1688,,,69.731,,,40.7,,,,-13.4304,-8.3237,,,0.7695,29.3508,,,,19.2724,-55.5154,0.8043,-5.8479,-37.3944,-18.5152,54.0056,0.7326
JANTS,Industrials,14.5437,12.84,1.5488,267.6065,9.9144,1.2184,,,16.6,13.6154,,,7.4434,4.7609,,,12.0623,15.364,0.5238,,,30.0914,-23.6111,0.3372,-3.3675,-12.213,-7.5827,37.7631,0.752
KARSN,Consumer Discretionary,,,,,,,,,,,,,,,,,,,,,,35.3846,-8.5279,0.5015,-1.6268,-14.0792,-9.5577,51.6399,0.9846
KATMR,Industrials,7.8576,7.0082,2.2742,,,2.8421,3.5667,,8.7,5.1148,,,3.8887,2.7597,,,32.4505,36.8805,-21.8619,,,30.1059,-45.4212,0.6807,-2.5507,-22.2501,-8.9868,45.3971,0.8878
KBORU,Industrials,,,,,,,,,,,,,,,,,,,,,,31.7524,-50.646,1.0987,-4.8331,-38.4923,-16.3401,56.5641,1.1267
KCAER,Materials,,,,,,,,,,,,,,,,,,,,,,24.0787,-7.2917,1.2241,-2.6573,-24.6122,-10.0461,43.9535,1.0951
KFEIN,,,,,,,,,,,,,,,,,,,,,,,35.5502,-27.0335,0.451,-0.4082,-19.9538,-7.731,44.7389,1.0617
KGYO,,,2.711,0.6007,,,1.1273,3.2182,,-18.4,0.1127,,,-1.2546,-0.4571,,,22.1598,28.3972,-43.8455,,,30.9476,-4.5667,0.5318,-7.5859,-25.6807,-15.9791,69.0395,0.5548
KIMMR,Consumer Staples,,,,,,,,,,,,,,,,,,,,,,28.362,-39.0717,0.5248,-2.6409,-16.3228,-7.0189,44.5776,0.7588
KLSER,,,,,,,,,,,,,,,,,,,,,,,26.4083,-29.5856,0.4978,-3.8613,-19.3669,-9.2746,32.2484,0.7352
KMPUR,,8.5422,5.0581,0.9243,,60.5371,2.2976,2.7873,,0.1,1.9662,,,18.2766,5.2841,,,18.2733,20.664,-1.1329,,,28.6989,-19.3399,0.5401,-3.4382,-25.0075,-10.7639,50.0298,1.009
KNFRT,Consumer Staples,,13.5913,0.4098,114.1028,15.4804,0.9453,3.4845,,60.4,2.129,,,-5.4234,-3.1375,,,3.0154,8.9597,0.3342,,,42.3515,-7.8553,0.8298,-4.0353,-11.1716,-7.5471,58.038,1.0296
KOCMT,Materials,,,,,,,,,,,,,,,,,,,,,,38.9507,7.6,0.4697,-0.8112,-36.1136,-12.8377,66.1228,1.0996
KONKA,Materials,,,,,,,,,,,,,,,,,,,,,,48.7726,-49.0184,1.3067,5.8734,-16.573,-1.3203,45.6234,0.8955
KONYA,Materials,,,,,,,,,,,,,,,,,,,,,,35.1278,-11.4377,0.3229,-3.3338,-8.1231,-5.9986,33.8423,0.693
KOTON,Consumer Discretionary,,,,,,,,,,,,,,,,,,,,,,22.4326,-34.5564,0.745,-3.5303,-17.5464,-8.7447,33.9968,0.6918
KPEKS,,,,,,,,,,,,,,,,,,,,,,,,,,,,,,
KRDMA,,,,,,,,,,,,,,,,,,,,,,,34.2459,28.937,0.4898,-4.6024,-17.6429,-10.4333,52.7208,1.2209
KRDMB,,,,,,,,,,,,,,,,,,,,,,,44.4314,8.7912,1.6089,6.5891,-30.8234,-7.2167,61.9214,0.7933
KRDMD,Materials,10.5633,7.366,0.7626,5.4553,3.4185,0.0475,5.759,,-5.4,8.2754,,5.3148,4.2753,3.0088,3.1585,5.3148,10.3533,10.1473,13.8893,,2.2294,41.0007,24.84,0.7175,-4.2178,-2.6828,-3.8279,44.2431,1.117
KRGYO,Real Estate,,,,,,,,,,,,,,,,,,,,,,53.8311,22.3813,0.7414,5.0301,9.571,3.2764,46.0605,0.5916
KRONT,Information Technology,28.8825,13.4628,6.0768,70.9423,10.8524,-0.2449,,,4.4,48.2919,,,12.8131,8.1341,,,45.1376,88.4573,8.7216,,,46.5065,-0.8982,0.3862,1.4404,-13.2978,-2.5087,61.6469,0.9719
KRPLS,Materials,,,,,,,,,,,,,,,,,,,,,,41.899,26.2258,0.572,-5.06,1.107,-4.982,47.5834,1.0121
KRSTL,Consumer Staples,,,,,,,,,,,,,,,,,,,,,,31.5963,-18.587,0.7814,-3.5664,-15.9692,-6.7921,42.293,0.7671
KRVGD,Consumer Staples,6.4947,4.4661,0.6538,10.4946,4.3404,2.3053,4.0154,,-15.8,4.2735,,,7.854,3.871,,,14.6387,29.7934,3.014,,,39.0357,-25.0556,0.5989,-2.0716,-7.9157,-3.4451,36.7915,0.756
KTLEV,Financials,,,,,,,,,,,,,,,,,,,,,,12.6132,-72.9916,3.1827,-34.436,-82.7566,-64.3658,81.4957,1.1345
KUTPO,Consumer Discretionary,,3.6877,0.5871,7.1843,3.8452,-0.1514,0.3546,,0.6,7.388,,,-1.4738,-1.2071,,,15.922,31.8701,8.5081,,,29.185,-29.1871,0.4473,-2.6986,-15.7515,-7.7578,35.4206,0.7878
KZBGY,Real Estate,,,,,,,,,,,,,,,,,,,,,,27.6505,-58.3587,0.4667,-2.2825,-23.6428,-9.8373,53.3946,0.9749
LINK,,,,,,,,,,,,,,,,,,,,,,,30.5891,-30.4432,0.5129,-2.4061,-28.4071,-12.5765,59.7376,1.028
LKMNH,Health Care,23.5753,3.7655,1.0826,,3.9117,1.9668,5.0633,,11.5,16.9268,,,3.2711,1.3782,,,28.7518,18.8237,-3.7061,,,29.5742,-28.1222,0.7768,-5.4157,-15.6066,-8.8326,33.6101,0.6481
LMKDC,Materials,,,,,,,,,,,,,,,,,,,,,,53.7642,-19.2565,0.4894,0.6535,1.0067,1.7393,38.9769,0.8539
LOGO,Financials,,,,,,,,,,,,,,,,,,,,,,60.7704,13.003,0.6173,3.8472,7.7945,4.616,36.8772,0.7969
LXGYO,,,,,,,,,,,,,,,,,,,,,,,34.7296,-63.4015,0.8129,-4.3466,-26.434,-11.4228,74.7149,0.9806
MAGEN,Utilities,,49.5458,20.4949,,226.2646,12.4811,17.9333,,2.8,8.8604,,,-6.4427,-3.3827,,,41.3655,23.3934,-2.0842,,,5.8006,-87.6361,5.255,-37.964,-75.246,-59.8463,66.8608,0.9564
MAKIM,Information Technology,14.5052,6.471,1.1908,,,0.8276,2.6816,,9.2,4.749,,,7.8084,4.8396,,,18.4017,32.7113,-10.0738,,,50.6525,-19.2376,1.0524,3.1885,-8.7594,0.1715,46.1293,0.7529
MARBL,Materials,,6.7124,0.8332,9.1004,5.5019,2.2057,3.9693,,20.8,4.0205,,,-1.7367,-0.975,,,12.4132,39.9549,6.1472,,,22,-30.7263,0.3569,-3.5341,-23.6319,-12.0218,40.0998,0.9445
MAVI,Consumer Discretionary,16.2811,2.8953,0.5543,4.0254,3.0517,-0.3509,0.934,,-1.1,4.926,,,11.9576,5.5876,,,19.1435,51.9499,15.4378,,,48.011,-9.8457,1.3574,-0.9875,-1.5811,-0.7005,33.3708,0.7904
MCARD,,,,,,,,,,,,,,,,,,,,,,,43.2612,-43.3655,0.779,11.8843,-26.8001,-6.9671,84.8774,1.572
MEDTR,Health Care,,,,,,,,,,,,,,,,,,,,,,32.9149,-33.8042,0.7256,0.3421,-19.3285,-7.0166,30.8884,0.6869
MEGMT,,0.8454,4.4966,0.2405,,0.5366,3.8658,,,62.8,13.3425,,,23.6307,6.3523,,,5.349,7.5828,-7.0537,,,43.9807,-55.2118,0.3581,3.1487,-26.5957,-4.806,58.7683,0.7822
MEKAG,Industrials,,10.8525,0.4491,16.5536,10.3061,-2.5875,1.3815,,-5.4,2.0368,,,-4.5468,-2.558,,,4.1384,23.339,3.36,,,17.4419,-73.3516,0.5146,-5.5501,-28.281,-15.0161,60.6733,0.5603
MERCN,Materials,13.2684,6.36,1.2117,,,2.7218,4.406,,2.3,5.5151,,,5.4474,2.9477,,,19.052,33.3251,-15.3492,,,23.5052,-34.8479,0.8151,-10.5202,-38.4725,-21.7865,64.24,1.1367
MEYSU,,16.513,9.0628,1.9372,,113.5127,0.8145,,,6.7,27.9659,,,8.5966,6.02,,,21.3756,29.6721,-26.4127,,,32.949,-52.0084,0.4999,-3.2451,-23.4413,-10.4311,69.903,1.082
MNDTR,Materials,,176.0969,0.3447,140.8415,15.4545,34.4374,,,-7.1,1.5976,,,-20.3719,-12.0617,,,0.1958,12.0924,0.1969,,,28.2265,-30.7959,0.4366,-1.8886,-16.7222,-7.6812,38.1888,0.67
MOGAN,,,,,,,,,,,,,,,,,,,,,,,31.7846,-40.3428,0.3132,-2.3838,-40.6697,-15.0081,63.8895,1.1234
MOPAS,,,,,,,,,,,,,,,,,,,,,,,18.7749,-55.9413,0.5535,-4.5635,-26.5639,-12.3402,53.4854,0.8176
MPARK,Health Care,,,,,,,,,,,,,,,,,,,,,,48.1183,-2.2362,0.9298,0.2175,-0.3134,-0.4823,33.3667,0.7665
NATEN,,,163.3902,5.8416,,,94.9603,,,-25,9.7361,,,-3.943,-2.4097,,,3.5752,18.3296,-56.6626,,,26.8519,-46.8027,0.8666,-2.7847,-23.0799,-10.5195,37.2868,0.7962
NETAS,Information Technology,,,,,,,,,,,,,,,,,,,,,,48.627,32.2449,0.4356,3.5144,-1.1641,-1.0727,54.754,0.9652
NETCD,,,,,,,,,,,,,,,,,,,,,,,39.8097,-36.0026,0.4301,1.7771,-23.273,-7.1834,81.2261,1.3141
NETGL,,,,,,,,,,,,,,,,,,,,,,,,,,,,,,
NTGAZ,Energy,,,,,,,,,,,,,,,,,,,,,,47.5881,-5.1058,1.3107,0.781,-2.0719,-0.8092,39.4493,0.7051
OBAMS,Consumer Staples,,13.1534,0.4001,,,-5.8428,0.3633,,-9.8,2.7041,,,-13.5076,-11.1228,,,3.0419,8.5554,-4.916,,,35.82,-47.6248,0.3459,-3.4142,-13.219,-7.2364,46.9691,0.6607
OBASE,Information Technology,,6.6913,1.6641,,5.4549,0.7048,,,-5,30.5293,,,-1.2325,-0.7305,,,24.8701,20.9069,-3.2355,,,37.132,-21.184,0.4221,1.7533,-22.3219,-7.6351,51.3363,0.8095
ONCSM,Health Care,32.1772,8.2432,3.2941,102.0643,23.1199,0.5038,0.8181,,5.7,10.3468,,,13.9872,7.7497,,,39.9612,58.1816,3.0302,,,34.567,-63.833,1.4796,7.2655,-48.2936,-17.5205,70.0135,1.0734
ORGE,Industrials,,,,,,,,,,,,,,,,,,,,,,45.1366,44.4517,0.4605,-1.6276,-0.6637,-2.0955,43.4508,0.7639
OSTIM,Industrials,,24.9339,2.3573,,,1.8801,3.369,,1.8,1.4103,,,-2.3474,-2.045,,,9.4543,27.6984,-1.4744,,,25.7429,-41,1.1223,-4.8387,-21.2283,-11.7026,40.1768,0.6466
OZRDN,Materials,,24.593,1.6933,,573.2244,-2.0123,0.0563,,6.1,0.4698,,,-15.7919,-11.7169,,,6.8852,40.814,-0.1502,,,24.0353,-57.2112,1.9202,-11.4496,-45.1523,-28.0972,75.3305,0.085
OZYSR,Materials,,,,,,,,,,,,,,,,,,,,,,49.0657,4,0.4189,1.4454,-5.2839,-0.564,45.7162,0.5235
PAGYO,Real Estate,,,,,,,,,,,,,,,,,,,,,,34.1329,-3.9216,0.567,-1.8236,-17.0291,-6.0906,48.0929,0.4803
PARSN,Consumer Discretionary,,,,,,,,,,,,,,,,,,,,,,30.2121,-27.5046,0.3912,-0.2923,-13.2671,-5.2745,34.2367,0.8223
PASEU,Industrials,29.7878,175.9361,15.0247,,,8.8276,9.5287,208.2065,-19.1,0.4291,,6.7985,24.7086,13.95,2.5247,7.6454,8.5399,13.6113,-55.9077,,1.9796,36.5318,-59.8058,0.0151,32.5687,-65.1573,-25.3327,90.8458,0.7504
PENGD,Consumer Staples,,79.5245,0.7955,5.1719,2.9355,36.6165,,,-30.1,6.3229,,,-1.5672,-0.9906,,,1.0003,3.2957,8.299,,,25.3707,-34.8155,0.6686,-2.3249,-21.3345,-9.9097,43.5993,0.6964
PENTA,,,,,,,,,,,,,,,,,,,,,,,27.3195,-24.696,0.756,-0.2717,-19.5055,-7.8811,35.6692,0.7916
PETKM,Materials,,,0.968,,22.7252,,,,28,3.2253,,-6.9628,-1.9332,-0.8017,-5.7873,-9.2837,-3.3342,1.9549,-1.0562,,-3.9659,45.548,-3.3654,0.5495,0.3044,-2.2269,-2.5639,47.2797,0.9525
PKART,Information Technology,,,,,,,,,,,,,,,,,,,,,,36.4887,9.9309,0.3367,0.327,-22.6681,-8.1489,59.8282,1.1313
PLTUR,Industrials,7.6111,2.0792,0.6379,1.7539,1.5953,0.6862,1.0435,,19.3,2.4227,,,4.715,2.8089,,,30.6799,20.8931,24.3656,,,28.3576,-33.7335,0.2458,-3.1923,-20.3455,-10.3218,43.9908,0.7558
PNLSN,Industrials,9.3588,5.3997,0.7746,,,0.0991,0.8136,,18.7,0.792,,,7.3722,4.3371,,,14.3458,15.9631,-2.9643,,,33.6645,-26.6215,0.2811,-1.5538,-19.1974,-7.4622,46.4315,0.8769
PNSUT,,,,,,,,,,,,,,,,,,,,,,,40.8323,-23.6762,0.3843,-1.7909,-6.1413,-4.2703,43.0301,0.8247
POLHO,Materials,,14.3141,2.6708,32.8922,13.1244,1.8782,4.9541,,-15.2,10.625,,,-16.038,-11.598,,,18.6582,13.6888,7.0543,,,36.7811,-18.0441,0.3185,-2.9733,-15.1801,-7.3221,49.3822,0.7331
QUAGR,Industrials,,7.538,1.0358,18.8915,14.2866,3.384,4.01,,-25.3,0.9739,,,-8.8413,-4.1595,,,13.7409,18.6549,3.0215,,,27.9409,-43.6416,0.4302,-3.3697,-32.805,-15.4721,68.6058,1.3169
REEDR,,,3.3283,2.4267,15.5063,10.5289,0.4254,0.4849,,-30.1,6.4525,,,-0.0215,-0.0164,,,72.9111,53.1846,13.6494,,,20.3217,-55.7796,1.6723,-6.7196,-37.5948,-19.4381,54.6211,0.9536
RODRG,Consumer Discretionary,,,,,,,,,,,,,,,,,,,,,,15.4642,-23.8334,0.5184,-7.6979,-32.855,-17.6898,57.0134,0.4361
RUBNS,Consumer Discretionary,34.7483,3.232,0.6859,,,0.6186,,,21,,,,0.6815,0.5648,,,21.2212,16.963,,,,18.2798,-63.4687,0.4576,-7.3745,-41.6715,-23.274,63.9628,0.6487
SAFKR,Industrials,18.1684,6.5925,0.9824,12.495,12.0728,-0.4784,0.2249,,79.9,0.2949,,,10.3996,5.8961,,,14.9018,24.0717,8.4329,,,50.7262,-49.4208,1.2564,6.7906,-19.0709,0.0496,57.2843,0.6125
SAMAT,Industrials,,,,,,,,,,,,,,,,,,,,,,30.0509,-31.295,0.2583,-3.2911,-23.1605,-11.0325,49.7291,0.6583
SANKO,Consumer Discretionary,,,,,,,,,,,,,,,,,,,,,,66.4712,6.2008,2.2019,11.9585,12.7788,10.5221,35.4641,0.5529
SARKY,Industrials,96.1932,8.1121,0.3093,,48.4493,2.5043,7.7121,,28.6,1.9784,,,1.5088,0.487,,,3.8127,4.5094,-1.5371,,,32.9437,-27.8428,0.611,-4.6995,-17.3529,-9.3039,64.0079,1.1972
SAYAS,Industrials,,,,,,,,,,,,,,,,,,,,,,25.9122,-4.7248,0.3643,-6.8039,-24.3915,-13.3941,52.5674,0.9263
SDTTR,,6.5449,3.6062,0.6511,,1.7979,1.5774,,,29.7,29.598,,,4.7179,2.6468,,,18.0559,25.6965,-9.2235,,,27.262,-20.8537,0.4056,-4.6731,-24.7379,-12.1403,51.652,0.745
SEGMN,,111.8669,14.1617,1.3092,,51.6876,-1.2037,0.2203,,7.8,5.8424,,,0.6526,0.5982,,,9.2448,21.8932,-3.0942,,,36.8968,-62.0903,0.8064,7.61,-43.2225,-16.3663,72.5507,1.2874
SEKUR,Materials,36.1536,7.8492,0.7835,,,3.5998,4.4985,,43.3,1.1387,,,3.807,1.062,,,9.9823,16.2976,-9.0211,,,35.593,-42.9677,4.1252,15.5556,-49.2467,-19.2964,76.004,0.9697
SELEC,Health Care,19.813,4.4231,0.2005,,,-0.952,0.8266,,8.8,0.4207,,,5.992,2.1857,,,4.5333,10.5871,-2.2657,,,12.155,-16.4606,1.0828,-25.7768,-70.4605,-54.4242,66.6926,1.2102
SELVA,Consumer Staples,,49.2591,1.0571,,,20.9486,9.5053,,-2.8,-2.6781,,,-31.4783,-15.5395,,,2.1459,15.5958,-43.2049,,,27.9717,-50,0.578,-2.3973,-25.1477,-10.4927,69.3497,0.9735
SILVR,Consumer Discretionary,,,,,,,,,,,,,,,,,,,,,,27.5047,-33.4694,0.6827,-2.8605,-21.7925,-10.489,38.6959,0.7152
SMART,Information Technology,95.0625,20.2921,3.4966,,150.7733,6.1881,19.9898,,21.9,11.6745,,,5.7193,0.9672,,,17.2311,23.6473,-10.0626,,,26.6019,-53.8843,0.3599,-2.9264,-26.5725,-12.2663,60.8553,1.1578
SMRTG,Information Technology,,,,,,,,,,,,,,,,,,,,,,28.0147,-29.8399,0.8487,-4.1749,-43.0233,-19.9801,57.5239,1.335
SNGYO,Real Estate,,5.6167,3.2442,13.3966,13.1955,1.7442,1.7598,,73.7,0.2544,,,-0.8214,-0.6122,,,57.7588,41.9212,16.6963,,,41.492,-23.6915,0.4539,1.0212,-10.3037,-2.986,39.5632,0.8838
SNICA,Industrials,,,,,,,,,,,,,,,,,,,,,,20.0177,-43.3673,0.3835,-3.8545,-27.0313,-12.9074,47.9923,0.912
SOHOE,,,,,,,,,,,,,,,,,,,,,,,26.2005,,0.1277,-5.8871,-28.6293,-16.0415,60.8669,1.1265
SOKE,Consumer Staples,,55.9148,2.6374,33.1544,10.6387,10.7364,,,-10.3,13.6033,,,-1.9969,-1.4224,,,4.7169,8.0347,6.4275,,,36.489,-53.5463,4.5596,6.2555,-37.6661,-11.0836,46.7895,1.0664
SRVGY,Real Estate,3.8813,1.7215,1.7666,,,0.0711,0.2569,,50.2,0.0971,,,4.2243,3.134,,,102.6193,62.567,-4.5652,,,40.4722,-30.0161,0.2622,-1.337,-10.4228,-4.4538,36.8962,0.8634
SSAAT,,,,,,,,,,,,,,,,,,,,,,,30.8939,,0.1105,-3.7163,-22.2922,-9.4602,,
SURGY,Real Estate,,,,,,,,,,,,,,,,,,,,,,13.5036,-66.6786,0.4437,-9.2642,-46.1495,-21.7775,55.2101,0.9474
SUWEN,Consumer Discretionary,,4.7791,0.8399,5.4138,3.5375,2.0801,2.9094,,-2.7,4.6474,,,-10.3917,-3.8769,,,17.575,51.1102,8.7619,,,32.0632,-43.3764,0.2518,-1.6036,-18.0389,-8.9803,42.9611,0.773
TARKM,Materials,,,,,,,,,,,,,,,,,,,,,,26.9277,-6.0705,0.4306,-4.3854,-22.3178,-12.8038,46.0853,0.8371
TCKRC,,,,,,,,,,,,,,,,,,,,,,,45.4529,31.9467,1.171,-0.5867,-12.88,-3.3113,58.4081,0.7288
TEZOL,Consumer Staples,,8.6814,0.5068,86.5734,23.6599,-3.5095,1.2364,,-13.2,2.1857,,,-1.0966,-0.9164,,,5.8373,8.9691,0.822,,,29.4453,-54.532,0.3269,-1.871,-19.0504,-8.0169,40.9159,0.6378
TGSAS,,13.99,10.8856,6.7875,26.2922,26.9288,-0.155,0.0912,,23.4,-0.619,,,32.3584,0.7489,,,62.3533,100,26.1833,,,43.8175,-24.2434,2.6103,13.3116,-31.2408,-9.8691,63.7666,0.9394
TKFEN,,,43.4769,2.2391,51.4079,31.1527,3.2764,12.0242,,-17.5,2.6185,,,-5.658,-2.7963,,,5.15,9.5176,4.0273,,,62.2155,172.0812,0.4372,4.2984,19.4067,8.7177,58.1739,1.0167
TKNKA,,,,,,,,,,,,,,,,,,,,,,,,,,,,,,
TKNSA,Consumer Discretionary,,,,,,,,,,,,,,,,,,,,,,39.4429,-38.7198,0.4053,0.5287,-16.5864,-6.2238,46.7211,0.7554
TMPOL,,,11.1381,1.1557,,,3.5385,,,28.6,,,,-11.5121,-4.3753,,,10.3765,10.6796,,,,16.4042,-84.9671,0.6099,-14.854,-76.7451,-51.5037,87.4346,0.6781
TUCLK,Industrials,,,,,,,,,,,,,,,,,,,,,,35.4372,-20.339,3.322,-17.5439,-15.1625,-15.3888,50.2943,0.7673
TUPRS,Energy,10.8402,6.1668,0.584,4.9849,4.3862,-1.3413,0.8809,9.6194,42.8,1.947,,6.3045,14.5689,7.8488,19.5061,8.0184,9.4706,11.989,14.2643,,7.5437,44.3962,54.006,0.4181,-1.6348,2.0511,-2.0085,38.2916,0.721
TUREX,Industrials,12.2575,2.6977,0.7236,9.7753,3.0785,-0.212,0.828,,1.4,17.3676,,,5.6656,3.726,,,26.8216,25.7909,7.9836,,,49.8813,-28.1445,0.5612,0.0347,-6.3038,-0.211,47.2814,0.9901
TURGG,,,,,,,,,,,,,,,,,,,,,,,41.456,-20.6349,0.4965,-0.5964,-10.6065,-5.5491,49.2779,0.6417
UCAYM,,27.1931,4.5414,0.9341,,,-0.7751,0.5759,,15.5,5.6943,,,5.5907,3.6033,,,20.568,28.5114,-22.5853,,,23.0898,-46.0756,0.2886,-4.3999,-33.3237,-15.008,71.2076,1.0814
ULUSE,Industrials,14.1745,441.2344,1.2644,24.1435,16.8954,49.6567,,,106.6,1.9939,,,85.708,10.4588,,,0.2866,11.7318,4.6478,,,30.0156,-10.6779,0.6786,-3.5622,-36.1914,-16.607,62.0898,0.8375
VAKKO,Consumer Discretionary,,4.0939,0.555,2.9322,2.3754,0.608,1.2644,,-0.1,3.7779,,,-1.4418,-0.9014,,,13.5565,47.08,16.1162,,,35.6121,-32.0557,0.4448,-2.7386,-10.3166,-5.7475,42.2105,0.8285
VANGD,Consumer Staples,,,,,,,,,,,,,,,,,,,,,,53.4732,-2.6371,1.0965,17.9388,-17.1783,2.3812,64.7678,0.688
VBTYZ,Information Technology,16.4776,3.7816,1.0937,21.2566,17.5874,0.6098,0.8352,9.1861,40.6,0.9003,,8.1113,13.8741,6.2276,14.043,12.806,28.9204,31.1241,4.3154,,9.0737,24.6816,7.6487,0.5971,-8.8438,-28.799,-17.4217,55.7932,1.0478
YATAS,Consumer Discretionary,4.8949,4.1107,0.5183,5.1431,1.7856,2.7629,6.0937,,5.3,6.2122,,,6.1545,2.9138,,,12.6075,34.7501,3.3039,,,37.2763,-38.5688,0.5592,0.2123,-12.4515,-3.8857,39.2165,0.899
YEOTK,Industrials,4.3382,3.9135,0.8213,,4.4525,1.5089,,,48.4,25.5704,,,37.408,7.6442,,,20.9874,30.0128,-14.2357,,,39.054,22.8576,0.6358,-4.1542,-18.6617,-8.22,61.9275,1.2369
YIGIT,,,,,,,,,,,,,,,,,,,,,,,23.5448,-38.7925,0.2888,-4.9127,-20.1528,-11.0356,38.3479,0.7659
YKSLN,,,,,,,,,,,,,,,,,,,,,,,37.9333,-28.1646,6.8847,-0.3074,-22.6997,-15.9399,55.2882,1.0191
YUNSA,Consumer Discretionary,,,,,,,,,,,,,,,,,,,,,,30.9131,-23.9463,0.7909,-4.0349,-20.2176,-8.6076,45.5343,1.0057
ZEDUR,Consumer Discretionary,,266.9129,12.5202,,,93.4856,210.2942,,-17.9,2.5869,,,-2.8798,-2.3221,,,4.6907,-5.8585,-89.8046,,,20.1146,-38.3641,0.6203,-4.5665,-25.3065,-12.6958,40.7024,0.801
